number,value,datetime_start,datetime_complete,duration,params_batch_size,params_learning_rate,params_num_epochs,params_weight_decay,user_attrs_cv_scores,user_attrs_cv_std,state
0,0.9374983228553541,2025-11-15 20:55:14.863345,2025-11-15 21:05:04.290244,0 days 00:09:49.426899,8,2.8057582076672495e-05,2,0.015599452033620266,"[0.9307534836071675, 0.9373821291156227, 0.944359355843272]",0.005555181699108481,COMPLETE
1,0.9207863069044765,2025-11-15 21:05:04.293521,2025-11-15 21:14:54.585168,0 days 00:09:50.291647,8,6.533369619026635e-06,2,0.09699098521619944,"[0.916197061252328, 0.9175535950219494, 0.928608264439152]",0.00555861557840506,COMPLETE
2,0.9395507010890868,2025-11-15 21:14:54.588659,2025-11-15 21:29:11.134252,0 days 00:14:16.545593,8,0.00023112945005104147,3,0.052475643163223784,"[0.9376499049361638, 0.9396169151180165, 0.9413852832130801]",0.0015256803818045315,COMPLETE
3,0.9411455964439885,2025-11-15 21:29:11.138122,2025-11-15 21:42:02.407962,0 days 00:12:51.269840,16,3.654769917956452e-05,3,0.03663618432936917,"[0.9397266796416428, 0.9406509561871989, 0.943059153503124]",0.0014047175865849401,COMPLETE
4,0.9434234524840078,2025-11-15 21:42:02.411744,2025-11-15 22:00:49.002394,0 days 00:18:46.590650,8,4.0842279473800804e-05,4,0.0046450412719997725,"[0.9447988269884521, 0.9393814265331736, 0.946090103930398]",0.00290635274018989,COMPLETE
5,0.9348604236964256,2025-11-15 22:00:49.005354,2025-11-15 22:07:11.782121,0 days 00:06:22.776767,32,8.204643365323964e-05,5,0.08083973481164612,,,PRUNED
6,0.9249125796979266,2025-11-15 22:07:11.784434,2025-11-15 22:10:08.756629,0 days 00:02:56.972195,16,2.033281656757398e-05,2,0.04951769101112702,,,PRUNED
7,0.9183086135621036,2025-11-15 22:10:08.759263,2025-11-15 22:14:55.633573,0 days 00:04:46.874310,8,5.857968696153527e-06,3,0.05200680211778108,,,PRUNED
8,0.9443622368690413,2025-11-15 22:14:55.635779,2025-11-15 22:35:46.216726,0 days 00:20:50.580947,16,6.199983918423047e-05,5,0.08948273504276488,"[0.9390791609578661, 0.9456109978674644, 0.9483965517817934]",0.003904953773933638,COMPLETE
9,0.9349084886887306,2025-11-15 22:35:46.220171,2025-11-15 22:39:02.531794,0 days 00:03:16.311623,8,7.848198194330569e-05,2,0.032533033076326434,,,PRUNED
10,0.932862202561382,2025-11-15 22:39:02.534152,2025-11-15 22:45:58.277292,0 days 00:06:55.743140,16,0.000388367690811853,5,0.07557200755035719,,,PRUNED
11,0.9349563382297852,2025-11-15 22:45:58.280090,2025-11-15 22:51:08.108060,0 days 00:05:09.827970,32,0.0001346818982141148,4,0.0010879709009762495,,,PRUNED
12,0.9262994717705956,2025-11-15 22:51:08.110514,2025-11-15 22:56:45.654932,0 days 00:05:37.544418,16,1.883058945650794e-05,4,0.07473941873052092,,,PRUNED
13,0.9358568337789231,2025-11-15 22:56:45.657716,2025-11-15 23:03:42.679617,0 days 00:06:57.021901,16,6.008161508460013e-05,5,0.09439772284257786,,,PRUNED
14,0.9235571416671174,2025-11-15 23:03:42.682168,2025-11-15 23:08:53.282062,0 days 00:05:10.599894,32,1.0449071485045638e-05,4,0.006901499961876292,,,PRUNED
15,0.9342133015608444,2025-11-15 23:08:53.284584,2025-11-15 23:16:37.749139,0 days 00:07:44.464555,8,0.00012941847508126715,5,0.027448497328248084,,,PRUNED
16,0.9343576166382426,2025-11-15 23:16:37.751368,2025-11-15 23:22:15.084732,0 days 00:05:37.333364,16,0.0001290726861520799,4,0.06447945360070109,,,PRUNED
17,0.9436548749790094,2025-11-15 23:22:15.087270,2025-11-15 23:45:30.427040,0 days 00:23:15.339770,8,4.111289861325388e-05,5,0.017102088555666355,"[0.93933795928174, 0.9451355356585486, 0.9464911299967397]",0.003102281940274737,COMPLETE
18,0.9245966112455473,2025-11-15 23:45:30.430393,2025-11-15 23:52:28.143670,0 days 00:06:57.713277,16,1.4070726362576209e-05,5,0.022397372590468496,,,PRUNED
19,0.9384471016890354,2025-11-15 23:52:28.146733,2025-11-15 23:58:51.128005,0 days 00:06:22.981272,32,5.635134382509394e-05,5,0.041603146691739784,,,PRUNED
